{"NCF": {"TwentyNewsgroupView": {"entropy": [0.7342068907873449, 0.455053185869841, 0.43393552123657025], "purity": [0.5343962208444051, 0.7490404487747269, 0.7528786536758194]}, "BBCSportsView": {"entropy": [0.5150500834985176, 0.4743575139436327, 0.5883338539635231], "purity": [0.694708276797829, 0.6933514246947083, 0.6200814111261874]}, "ReutersView": {"entropy": [0.4484318225266141, 0.30529801339732565, 0.28268869405146413], "purity": [0.6943809958885335, 0.7834627683873915, 0.8117862037460027]}, "WEBKBView": {"entropy": [0.6223649910597773, 0.7600682014553914, 0.8722469079909948], "purity": [0.6430102405334603, 0.5553703262681591, 0.47558942605382226]}}, "NCFwR": {"TwentyNewsgroupView": {"entropy": [0.6342765170081988, 0.44661905309210326, 0.5708501198115485], "purity": [0.5184529081783289, 0.728963684676705, 0.7015057573073517]}, "BBCSportsView": {"entropy": [0.48584762898403666, 0.31020792761250804, 0.375413150967032], "purity": [0.6105834464043419, 0.7991858887381276, 0.7449118046132972]}, "ReutersView": {"entropy": [0.33308532066900265, 0.3268239633904331, 0.3157117981109202], "purity": [0.7830059387848332, 0.7743261763362266, 0.8017359524897213]}, "WEBKBView": {"entropy": [0.6290436662826226, 0.6496224301051347, 0.7516932518829063], "purity": [0.6180042867349369, 0.6453917599428436, 0.5651345558466302]}}}