{"NCF": {"20Newsgroup": {"lda": {"K": 5, "entropy": [0.5209898904364281, 0.518228083401307, 0.5522590778868659], "purity": [0.7074106879244169, 0.6846767050487156, 0.6583997638027752]}, "skipgram": {"K": 5, "entropy": [0.7240045259607281, 0.9112593699805892, 0.8068067338425668], "purity": [0.5677590788308238, 0.3690581635665781, 0.4797756126365516]}, "tfidf": {"K": 5, "entropy": [0.5081881704285838, 0.5430366668701349, 0.5294893675934188], "purity": [0.7082964275169766, 0.6510186005314438, 0.6746383229997048]}, "consensus": {"K": 5, "entropy": [0.5208478016516976, 0.518228083401307, 0.8068067338425668], "purity": [0.7118393858872158, 0.6846767050487156, 0.4797756126365516]}}, "BBCSport": {"lda": {"K": 5, "entropy": [0.5507723188682083, 0.5441016591931517, 0.5499010014055047], "purity": [0.666214382632293, 0.6540027137042063, 0.666214382632293]}, "skipgram": {"K": 5, "entropy": [0.38957391172091377, 0.5685589079993709, 0.5338331265266187], "purity": [0.824966078697422, 0.6431478968792401, 0.6132971506105834]}, "tfidf": {"K": 5, "entropy": [0.32557831528548725, 0.2908201045711294, 0.29001444187320913], "purity": [0.7869742198100407, 0.8032564450474899, 0.8073270013568522]}, "consensus": {"K": 5, "entropy": [0.330924793178053, 0.5485087917936533, 0.5211240854409056], "purity": [0.7883310719131615, 0.6716417910447762, 0.6770691994572592]}}, "Reuters-R8": {"lda": {"K": 5, "entropy": [0.26969036714266936, 0.2689742585437712, 0.27312784004625745], "purity": [0.8044769301050709, 0.8058474189127456, 0.8003654636820465]}, "skipgram": {"K": 5, "entropy": [0.5112311120991023, 0.5696753382716836, 0.5458623025323455], "purity": [0.6582914572864322, 0.6066697121973504, 0.5664687071722248]}, "tfidf": {"K": 5, "entropy": [0.3195208430635774, 0.3073942838530254, 0.35157610669061756], "purity": [0.7852900867976245, 0.775239835541343, 0.7523983554134309]}, "consensus": {"K": 5, "entropy": [0.36225462417663684, 0.2689742585437712, 0.5455432017234353], "purity": [0.7688442211055277, 0.8058474189127456, 0.566925536774783]}}, "WebKB": {"lda": {"K": 5, "entropy": [0.6103785802752004, 0.6093908083319772, 0.6116237087427198], "purity": [0.649440342938795, 0.6525363181709931, 0.6501547987616099]}, "skipgram": {"K": 5, "entropy": [0.8746176099061422, 0.9263538043300431, 0.8964576276107988], "purity": [0.44748749702310076, 0.4179566563467493, 0.44224815432245773]}, "tfidf": {"K": 5, "entropy": [0.6298427361698891, 0.6544076909316284, 0.650639348341597], "purity": [0.6327697070731126, 0.5989521314598714, 0.5801381281257443]}, "consensus": {"K": 5, "entropy": [0.8749882755574466, 0.6166978962801353, 0.6203203995413967], "purity": [0.4598713979518933, 0.6246725410812098, 0.6311026434865444]}}}, "NCFwR": {"20Newsgroup": {"lda": {"K": 5, "entropy": [0.5209898904364281, 0.518228083401307, 0.5522590778868659], "purity": [0.7074106879244169, 0.6846767050487156, 0.6583997638027752]}, "skipgram": {"K": 5, "entropy": [0.7240045259607281, 0.9112593699805892, 0.8068067338425668], "purity": [0.5677590788308238, 0.3690581635665781, 0.4797756126365516]}, "tfidf": {"K": 5, "entropy": [0.5081881704285838, 0.5430366668701349, 0.5294893675934188], "purity": [0.7082964275169766, 0.6510186005314438, 0.6746383229997048]}, "consensus": {"K": 5, "entropy": [0.5065756450674994, 0.548578129756387, 0.5203757468266694], "purity": [0.7263064658990256, 0.6557425450250961, 0.6764098021848243]}}, "BBCSport": {"lda": {"K": 5, "entropy": [0.5507723188682083, 0.5441016591931517, 0.5499010014055047], "purity": [0.666214382632293, 0.6540027137042063, 0.666214382632293]}, "skipgram": {"K": 5, "entropy": [0.38957391172091377, 0.5685589079993709, 0.5338331265266187], "purity": [0.824966078697422, 0.6431478968792401, 0.6132971506105834]}, "tfidf": {"K": 5, "entropy": [0.32557831528548725, 0.2908201045711294, 0.29001444187320913], "purity": [0.7869742198100407, 0.8032564450474899, 0.8073270013568522]}, "consensus": {"K": 5, "entropy": [0.3773922229601375, 0.321151585292609, 0.4512028501327148], "purity": [0.8181818181818181, 0.7910447761194029, 0.6540027137042062]}}, "Reuters-R8": {"lda": {"K": 5, "entropy": [0.26969036714266936, 0.2689742585437712, 0.27312784004625745], "purity": [0.8044769301050709, 0.8058474189127456, 0.8003654636820465]}, "skipgram": {"K": 5, "entropy": [0.5112311120991023, 0.5696753382716836, 0.5458623025323455], "purity": [0.6582914572864322, 0.6066697121973504, 0.5664687071722248]}, "tfidf": {"K": 5, "entropy": [0.3195208430635774, 0.3073942838530254, 0.35157610669061756], "purity": [0.7852900867976245, 0.775239835541343, 0.7523983554134309]}, "consensus": {"K": 5, "entropy": [0.3533375980721182, 0.3550246182211245, 0.335500418153703], "purity": [0.795340338053906, 0.7514846962083143, 0.7647327546825036]}}, "WebKB": {"lda": {"K": 5, "entropy": [0.6103785802752004, 0.6093908083319772, 0.6116237087427198], "purity": [0.649440342938795, 0.6525363181709931, 0.6501547987616099]}, "skipgram": {"K": 5, "entropy": [0.8746176099061422, 0.9263538043300431, 0.8964576276107988], "purity": [0.44748749702310076, 0.4179566563467493, 0.44224815432245773]}, "tfidf": {"K": 5, "entropy": [0.6298427361698891, 0.6544076909316284, 0.650639348341597], "purity": [0.6327697070731126, 0.5989521314598714, 0.5801381281257443]}, "consensus": {"K": 5, "entropy": [0.617105152704573, 0.927183605776197, 0.650639348341597], "purity": [0.642772088592522, 0.41057394617766135, 0.5801381281257443]}}}}